id,etapa,dia,data,etapa_inici,etapa_fi,distancia,dist_acum,desnivell,desn_acum,despesa,desp_acum,pernoctacio,pais,gpx,track_inici,track_fi,titul,link_youtube,link_gpx,link_strava,cafe,refresc,cervesa,persona,link_portada
-7,,,2/11/2025,,,,"0,000",,0,,"0,00",,1,,,,El vídeo més important de la meva vida,https://www.youtube.com/watch?v=CVD3eDH_1Nw,,,,,,,https://img.youtube.com/vi/CVD3eDH_1Nw/hqdefault.jpg
-6,,,6/11/2025,,,,"0,000",,0,,"0,00",,1,,,,La Volta al Món A PEU: Catalans sense Fronteres,https://www.youtube.com/watch?v=SdNcjFi-Igg,,,,,,,https://img.youtube.com/vi/SdNcjFi-Igg/hqdefault.jpg
-5,,,9/11/2025,,,,"0,000",,0,,"0,00",,1,,,,En Pau ha fet la Volta al Món en BICICLETA,https://www.youtube.com/watch?v=6LqNkFvZSNk,,,,,,,https://img.youtube.com/vi/6LqNkFvZSNk/hqdefault.jpg
-4,,,16/11/2025,,,,"0,000",,0,,"0,00",,1,,,,La RUTA de la Volta al Món a Peu,https://www.youtube.com/watch?v=z_rMlxuwe50,,,,,,,https://img.youtube.com/vi/z_rMlxuwe50/maxresdefault.jpg
-3,,,20/11/2025,,,,"0,000",,0,,"0,00",,1,,,,Així m'he entrenat per La Volta al Món a Peu | Carlos Mantero,https://www.youtube.com/watch?v=z9IrgSB2-fk,,,,,,,https://img.youtube.com/vi/z9IrgSB2-fk/hqdefault.jpg
-2,,,23/11/2025,,,,"0,000",,0,,"0,00",,1,,,,La MOTXILLA per La Volta al Món a Peu,https://www.youtube.com/watch?v=aJIc478hHjE,,,,,,,https://img.youtube.com/vi/aJIc478hHjE/hqdefault.jpg
-1,,,28/11/2025,,,,"0,000",,0,,"0,00",,1,,,,Tot pot sortir malament a La Volta al Món a Peu,https://www.youtube.com/watch?v=99MC3pwKPg8,,,,,,,https://img.youtube.com/vi/99MC3pwKPg8/hqdefault.jpg
0,,,30/11/2025,,Barcelona,,"0,000",,0,,"0,00",,2,,,"41.3870270,2.1700430",Sortida de La Volta al Món a Peu,https://www.youtube.com/watch?v=yO1f4UTKsAQ,,,,,,,https://img.youtube.com/vi/yO1f4UTKsAQ/hqdefault.jpg
1,1,1,30/11/2025,Barcelona,Mataró,"32,937","32,937",111,111,"0,00","0,00",Habitació,2,2025-11-30T114007Z.gpx,"41.3870270,2.1700430","41.5339540,2.4401490",Dia 1,https://www.youtube.com/watch?v=p1N6DtzCHEg,https://raw.githubusercontent.com/Ercoman2/GPX-LVM/main/2025-11-30T114007Z.gpx,https://www.strava.com/activities/16613377062,2,,,2,https://img.youtube.com/vi/p1N6DtzCHEg/hqdefault.jpg
2,2,2,1/12/2025,Mataró,Pineda de Mar,"28,898","61,835",252,363,"4,40","4,40",Tenda,2,2025-12-01T082826Z.gpx,"41.5340570,2.4400570","41.6338390,2.6981660",Maresme lliure i tropical. Dia 2,https://www.youtube.com/watch?v=gehMI05Chx8,https://raw.githubusercontent.com/Ercoman2/GPX-LVM/main/2025-12-01T082826Z.gpx,https://www.strava.com/activities/16620809169,2,1,,7,https://img.youtube.com/vi/gehMI05Chx8/hqdefault.jpg
3,3,3,2/12/2025,Pineda de Mar,Lloret de Mar,"32,766","94,601",623,986,"0,44","4,84",Tenda,2,2025-12-02T074818Z.gpx,"41.6338970,2.6982320","41.7197340,2.9000490",Selva Marítima. Dia 3,https://www.youtube.com/watch?v=lcgo6RQjJcQ,https://raw.githubusercontent.com/Ercoman2/GPX-LVM/main/2025-12-02T074818Z.gpx,https://www.strava.com/activities/16629999190,2,,,4,https://img.youtube.com/vi/lcgo6RQjJcQ/hqdefault.jpg
4,4,4,3/12/2025,Lloret de Mar,Sant Feliu de Guíxols,"27,818","122,419",565,1551,"4,50","9,34",Habitació,2,2025-12-03T071419Z.gpx,"41.7197350,2.8994220","41.7813390,3.0317650",Empordanesos i empordaneses. Dia 4,https://www.youtube.com/watch?v=mobBXwDWj14,https://raw.githubusercontent.com/Ercoman2/GPX-LVM/main/2025-12-03T071419Z.gpx,https://www.strava.com/activities/16639800510,1,1,,5,https://img.youtube.com/vi/mobBXwDWj14/hqdefault.jpg
5,5,5,4/12/2025,Sant Feliu de Guíxols,Llafranc,"29,512","151,931",654,2205,"3,69","13,03",Tenda,2,2025-12-04T091421Z.gpx,"41.7812530,3.0316380","41.8979980,3.2028430",Cursa de relleus. Dia 5,https://www.youtube.com/watch?v=gmEbsK-hy7g,https://raw.githubusercontent.com/Ercoman2/GPX-LVM/main/2025-12-04T091421Z.gpx,https://www.strava.com/activities/16649501116,1,,,6,https://img.youtube.com/vi/gmEbsK-hy7g/hqdefault.jpg
6,6,6,5/12/2025,Llafranc,Torroella de Montgrí,"30,697","182,628",634,2839,"18,00","31,03",Habitació,2,2025-12-05T065923Z.gpx,"41.8980370,3.2028220","42.0410770,3.1260790",Radio Liberty. Dia 6,https://www.youtube.com/watch?v=xWuBXoJhaHY,https://raw.githubusercontent.com/Ercoman2/GPX-LVM/main/2025-12-05T065923Z.gpx,https://www.strava.com/activities/16658586296,4,1,,4,https://img.youtube.com/vi/xWuBXoJhaHY/hqdefault.jpg
7,7,7,6/12/2025,Torroella de Montgrí,Sant Pere Pescador,"23,505","206,133",251,3090,"8,00","39,03",Tenda,2,2025-12-06T071842Z.gpx,"42.0411680,3.1256370","42.1693750,3.0966150",Tinc visita. Dia 7,https://www.youtube.com/watch?v=yWi1AHtM-7E,https://raw.githubusercontent.com/Ercoman2/GPX-LVM/main/2025-12-06T071842Z.gpx,https://www.strava.com/activities/16667891274,1,,2,6,https://img.youtube.com/vi/yWi1AHtM-7E/hqdefault.jpg
8,8,8,7/12/2025,Sant Pere Pescador,Llançà,"27,870","234,003",299,3389,"0,00","39,03",Tenda,2,2025-12-07T072035Z.gpx,"42.1693040,3.0966170","42.3623390,3.1148560","Faves, botifarra i crema catalana. Dia 8",https://www.youtube.com/watch?v=0STo1xefmGc,https://raw.githubusercontent.com/Ercoman2/GPX-LVM/main/2025-12-07T072035Z.gpx,https://www.strava.com/activities/16677349890,2,,,6,https://img.youtube.com/vi/0STo1xefmGc/hqdefault.jpg
9,9,9,8/12/2025,Llançà,Banyuls de la Marenda,"25,122","259,125",996,4385,"0,00","39,03",Tenda,2,2025-12-08T073416Z.gpx,"42.3622050,3.1147210","42.4831550,3.1219440",Primera Frontera. Dia 9,https://www.youtube.com/watch?v=40ds1J-CnlA,https://raw.githubusercontent.com/Ercoman2/GPX-LVM/main/2025-12-08T073416Z.gpx,https://www.strava.com/activities/16685520215,1,,2,5,https://img.youtube.com/vi/40ds1J-CnlA/hqdefault.jpg
10,10,10,9/12/2025,Banyuls de la Marenda,Canet de Rosselló,"39,373","298,497",405,4790,"46,00","85,03",Habitació,3,2025-12-09T071403Z.gpx,"42.4826600,3.1216330","42.7058110,3.0029770",Bon dia / Bonjour. Dia 10,https://www.youtube.com/watch?v=h7Vgvb5g4hk,https://raw.githubusercontent.com/Ercoman2/GPX-LVM/main/2025-12-09T071403Z.gpx,https://www.strava.com/activities/16695896493,1,,,3,https://img.youtube.com/vi/h7Vgvb5g4hk/hqdefault.jpg
11,11,11,10/12/2025,Canet de Rosselló,Leucata,"33,273","331,771",134,4924,"0,00","85,03",Tenda,3,2025-12-10T074940Z.gpx,"42.7058420,3.0029880","42.9135710,3.0296990","Quatre barres, de pa. Dia 11",https://www.youtube.com/watch?v=prxx7xjvkUc,https://raw.githubusercontent.com/Ercoman2/GPX-LVM/main/2025-12-10T074940Z.gpx,https://www.strava.com/activities/16705191666,,,,1,https://img.youtube.com/vi/prxx7xjvkUc/hqdefault.jpg
12,12,12,11/12/2025,Leucata,Gruissan,"32,262","364,033",83,5007,"43,00","128,03",Habitació,3,2025-12-11T064759Z.gpx,"42.9135160,3.0296380","43.1094930,3.0633440",2x1. Dies 12 i 13,https://www.youtube.com/watch?v=H8hHHTELGQA,https://raw.githubusercontent.com/Ercoman2/GPX-LVM/main/2025-12-11T064759Z.gpx,https://www.strava.com/activities/16713903162,1,,,1,https://img.youtube.com/vi/H8hHHTELGQA/hqdefault.jpg
13,13,13,12/12/2025,Gruissan,Aude,"24,657","388,690",177,5184,"5,50","133,53",Tenda,3,2025-12-12T101837Z.gpx,"43.1098950,3.0633200","43.2321760,3.1834830",,,https://raw.githubusercontent.com/Ercoman2/GPX-LVM/main/2025-12-12T101837Z.gpx,https://www.strava.com/activities/16723378287,1,,,1,
14,14,14,13/12/2025,Aude,Canal du Midi (prop de Vias),"31,988","420,678",86,5270,"12,50","146,03",Tenda,3,2025-12-13T071839Z.gpx,"43.2320810,3.1836210","43.2999690,3.4317100",Canal du Midi. Dia 14,https://www.youtube.com/watch?v=eCTwcuNr2Qg,https://raw.githubusercontent.com/Ercoman2/GPX-LVM/main/2025-12-13T071839Z.gpx,https://www.strava.com/activities/16732582294,2,,,3,https://img.youtube.com/vi/eCTwcuNr2Qg/hqdefault.jpg
15,15,15,14/12/2025,Canal du Midi (prop de Vias),Frontinhan,"37,859","458,536",182,5452,"6,60","152,63",Tenda,3,2025-12-14T073247Z.gpx,"43.2998220,3.4316060","43.4381030,3.7310950",Primera butllofa. Dia 15,https://www.youtube.com/watch?v=1XtBWLziWmU,https://raw.githubusercontent.com/Ercoman2/GPX-LVM/main/2025-12-14T073247Z.gpx,https://www.strava.com/activities/16743515680,2,,,,https://img.youtube.com/vi/1XtBWLziWmU/hqdefault.jpg
16,16,16,15/12/2025,Frontinhan,Melgueil,"39,782","498,319",348,5800,"63,00","215,63",Tenda,3,2025-12-15T064855Z.gpx,"43.4380480,3.7311030","43.6164590,4.0100550",Primer dia de pluja. Dia 16,https://www.youtube.com/watch?v=sklIbBVRPXw,https://raw.githubusercontent.com/Ercoman2/GPX-LVM/main/2025-12-15T064855Z.gpx,https://www.strava.com/activities/16750579007,2,,,,https://img.youtube.com/vi/sklIbBVRPXw/hqdefault.jpg
17,17,17,16/12/2025,Melgueil,Marcilhargues,"20,118","518,437",48,5848,"8,00","223,63",Tenda,3,2025-12-16T113917Z.gpx,"43.6167860,4.0093510","43.6667110,4.1851730",On acampo avui? Dia 17,https://www.youtube.com/watch?v=_gYs0k2MiP4,https://raw.githubusercontent.com/Ercoman2/GPX-LVM/main/2025-12-16T113917Z.gpx,https://www.strava.com/activities/16759606150,2,,,,https://img.youtube.com/vi/_gYs0k2MiP4/hqdefault.jpg
18,18,18,17/12/2025,Marcilhargues,Marcilhargues-Saliers,"35,162","553,600",124,5972,"18,00","241,63",Tenda,3,2025-12-17T065045Z.gpx,"43.6664900,4.1852980","43.6547330,4.4937820",Visita nocturna. Dia 18,https://www.youtube.com/watch?v=Rc6-TNPtVNU,https://raw.githubusercontent.com/Ercoman2/GPX-LVM/main/2025-12-17T065045Z.gpx,https://www.strava.com/activities/16769231300,2,,,,https://img.youtube.com/vi/Rc6-TNPtVNU/hqdefault.jpg
19,19,19,18/12/2025,Marcilhargues-Saliers,Arles (prop del Roina),"29,106","582,705",136,6108,"37,00","278,63",Tenda,3,2025-12-18T073325Z.gpx,"43.6545460,4.4938550","43.5946370,4.6814570",Ai Jean Luc... Dia 19,https://www.youtube.com/watch?v=n8yJnxnCtTI,https://raw.githubusercontent.com/Ercoman2/GPX-LVM/main/2025-12-18T073325Z.gpx,https://www.strava.com/activities/16777653580,3,,,1,https://img.youtube.com/vi/n8yJnxnCtTI/hqdefault.jpg
20,20,20,19/12/2025,Arles (prop del Roina),Fòs de Mar,"37,339","620,044",102,6210,,"278,63",Habitació,3,2025-12-19T065253Z.gpx,"43.5945820,4.6817610","43.4295660,4.9409470",DIRECTE. Dies 20/21,https://www.youtube.com/watch?v=_f9hXJ7L3_I,https://raw.githubusercontent.com/Ercoman2/GPX-LVM/main/2025-12-19T065253Z.gpx,https://www.strava.com/activities/16786435003,,,,1,https://img.youtube.com/vi/_f9hXJ7L3_I/hqdefault.jpg
21,21,21,20/12/2025,Fòs de Mar,Castèunòu dau Martegue,"24,919","644,963",420,6630,"13,50","292,13",Tenda,3,2025-12-20T095624Z.gpx,"43.4293650,4.9409600","43.3769650,5.1440610",Collserola. Dia 21,https://www.youtube.com/watch?v=NjkZQ34Z8AQ,https://raw.githubusercontent.com/Ercoman2/GPX-LVM/main/2025-12-20T095624Z.gpx,https://www.strava.com/activities/16795043591,3,,,,https://img.youtube.com/vi/NjkZQ34Z8AQ/hqdefault.jpg
22,22,22,21/12/2025,Castèunòu dau Martegue,Marsella,"33,647","678,610",628,7258,"8,00","300,13",Habitació,3,2025-12-21T071708Z.gpx,"43.3773780,5.1441690","43.3031730,5.3657730",Marsella. Dia 22,https://www.youtube.com/watch?v=h-VweaKlo1g,https://raw.githubusercontent.com/Ercoman2/GPX-LVM/main/2025-12-21T071708Z.gpx,https://www.strava.com/activities/16804504213,2,1,,1,https://img.youtube.com/vi/h-VweaKlo1g/hqdefault.jpg
23,,23,22/12/2025,Marsella,Marsella,,"678,610",,7258,"34,45","334,58",,3,,,,0 km. Dia 23,https://www.youtube.com/watch?v=dMAYTR0F69I,,,3,1,,2,https://img.youtube.com/vi/dMAYTR0F69I/hqdefault.jpg
24,23,24,23/12/2025,Marsella,La Ciotat,"36,362","714,972",1022,8280,"4,00","338,58",Habitació,3,2025-12-23T074711Z.gpx,"43.3030360,5.3658610","43.1772060,5.6106560",Les Calanques. Dia 24,https://www.youtube.com/watch?v=PR8d_81Kxjw,https://raw.githubusercontent.com/Ercoman2/GPX-LVM/main/2025-12-23T074711Z.gpx,https://www.strava.com/activities/16821827090,2,,,2,https://img.youtube.com/vi/PR8d_81Kxjw/hqdefault.jpg
25,,25,24/12/2025,La Ciotat,La Ciotat,,"714,972",,8280,,"338,58",,3,,,,,,,,,,,,
26,,26,25/12/2025,La Ciotat,La Ciotat,,"714,972",,8280,,"338,58",,3,,,,,,,,,,,,
27,,27,26/12/2025,La Ciotat,La Ciotat,,"714,972",,8280,"15,00","353,58",,3,,,,Catalans sense fronteres: França. Dia 27,https://www.youtube.com/watch?v=mU2xVxTui0A,,,,1,1,,https://img.youtube.com/vi/mU2xVxTui0A/hqdefault.jpg
28,24.1,28,27/12/2025,La Ciotat,Ollioules,"32,708","747,680",760,9040,,"353,58",,3,2025-12-27T072553Z.gpx,"43.1770060,5.6106410","43.1458940,5.8564190",300 postals i 3 al·lots. Dia 28,https://www.youtube.com/watch?v=s2gkGLus8KM,https://raw.githubusercontent.com/Ercoman2/GPX-LVM/main/2025-12-27T072553Z.gpx,https://www.strava.com/activities/16856389244,1,,,5,https://img.youtube.com/vi/s2gkGLus8KM/hqdefault.jpg
29,24.2,28,27/12/2025,Ollioules,Toló,"5,129","752,809",28,9068,"36,00","389,58",Habitació,3,2025-12-27T172951Z.gpx,"43.1460950,5.8567160","43.1287000,5.8873600",Problema matalas tenda s'envà Hotel,,https://raw.githubusercontent.com/Ercoman2/GPX-LVM/main/2025-12-27T172951Z.gpx,https://www.strava.com/activities/16857203848,,,,,
